Domain,Status,Attractiveness,Demand,Length,Sectors,Created,Expires,Registrar
brief.how,available,124,19%,5,"Business,Education,General,Law",,,
second.how,available,120,23%,6,"General,Mathematics",,,
complete.how,available,120,21%,8,"Manufacturing,Retail,Technology",,,
wizard.how,available,118,42%,6,"Entertainment,Media,Technology",,,
equal.how,available,116,19%,5,"Education,General,Law",,,
flat.how,available,116,24%,4,"Construction,Real Estate",,,
tenth.how,available,116,7%,5,Mathematics,,,
tonic.how,available,114,22%,5,"Health and Fitness,Medicine,Science",,,
acute.how,available,112,9%,5,"Mathematics,Medicine,Science",,,
hotshot.how,available,112,14%,7,"Business,Entertainment,Sports",,,
zero.how,available,112,49%,4,Mathematics,,,
above.how,available,112,22%,5,Business,,,
abstract.how,available,108,29%,8,"Arts,Humanities,Science",,,
abiding.how,available,106,5%,7,"General,Religion",,,
expert.how,available,104,26%,6,"Business,Education,Technology",,,
teen.how,expired,104,14%,4,"Education,Entertainment,Healthcare",21/06/2016 14:43,21/06/2025 14:43,Automattic Inc
active.how,available,104,27%,6,"Health and Fitness,Sports,Travel",,,
eight.how,available,102,23%,5,"General,Mathematics",,,
captive.how,available,102,14%,7,"Entertainment,Hospitality,Technology",,,
absent.how,available,102,8%,6,"Business,Education,Technology",,,
extra.how,available,102,26%,5,"Fashion,Retail,Technology",,,
eighth.how,available,100,6%,6,Mathematics,,,
adjunct.how,available,100,5%,7,Education,,,
whiz.how,available,100,12%,4,"Business,Education,Technology",,,
ninth.how,available,100,9%,5,Mathematics,,,
third.how,available,100,16%,5,Mathematics,,,
crack.how,available,100,20%,5,Sports,,,
abrupt.how,available,100,3%,6,"Medicine,Science",,,
sixth.how,available,100,8%,5,Mathematics,,,
remove.how,available,100,13%,6,"Construction,Manufacturing,Technology",,,
whizz.how,available,98,11%,5,"Business,Education,Technology",,,
genius.how,available,98,46%,6,"Arts,Education,Technology",,,
alamode.how,available,96,12%,9,Fashion,,,
doable.how,available,96,9%,6,"Business,Education,Technology",,,
forgiving.how,available,96,3%,9,"Healthcare,Religion",,,
actual.how,available,96,22%,6,"Real Estate,Retail,Technology",,,
academic.how,available,96,20%,8,"Education,Humanities,Science",,,
about.how,available,94,28%,5,"Business,General,Media,Technology",,,
abject.how,available,94,7%,6,Humanities,,,
adequate.how,available,94,9%,8,"Education,Healthcare,Technology",,,
around.how,available,94,22%,6,"Business,General,Media,Technology",,,
virtuoso.how,available,94,16%,8,"Arts,Entertainment",,,
next.how,resell,92,43%,4,"Retail,Technology,Transportation",05/06/2019 04:06,05/06/2026 04:06,"Spaceship, Inc."
abroad.how,expired,92,12%,6,"Hospitality,Travel",04/06/2024 22:23,04/06/2025 22:23,Dynadot LLC.
adept.how,available,92,24%,5,"Education,Health and Fitness,Sports",,,
exemplary.how,available,92,5%,9,"Business,Education,Healthcare",,,
adjective.how,available,92,5%,9,Education,,,
derelict.how,available,92,7%,8,"Construction,Real Estate",,,
twentieth.how,available,92,3%,9,Mathematics,,,
nought.how,available,92,4%,6,Mathematics,,,
neutral.how,available,92,20%,7,"Business,Media,Politics",,,
endearing.how,available,90,1%,9,"Entertainment,Fashion,Retail",,,
riveting.how,available,90,6%,8,"Entertainment,Media,Technology",,,
adoring.how,available,90,2%,7,"Entertainment,Fashion,Retail",,,
clear.how,available,90,47%,5,"Manufacturing,Retail,Technology",,,
addictive.how,available,90,9%,9,Healthcare,,,
gripping.how,available,90,3%,8,"Entertainment,Media,Technology",,,
leash.how,available,90,7%,5,"General,Health and Fitness,Retail",,,
additional.how,available,90,8%,10,"Fashion,Retail,Technology",,,
abortive.how,available,90,1%,8,"Medicine,Science",,,
three.how,available,88,24%,5,Mathematics,,,
twelve.how,available,88,18%,6,"General,Mathematics",,,
activist.how,available,88,12%,8,"Humanities,Politics",,,
adlib.how,available,88,7%,6,Entertainment,,,
hundred.how,available,88,14%,7,Mathematics,,,
sixteen.how,available,88,11%,7,Mathematics,,,
eleven.how,available,88,33%,6,Mathematics,,,
fifteen.how,available,88,13%,7,Mathematics,,,
proficient.how,available,88,8%,10,"Education,Health and Fitness,Sports",,,
actionable.how,available,88,13%,10,"Business,Law",,,
wide.how,available,88,18%,4,"Business,Media,Technology",,,
engrossing.how,available,86,0%,10,"Entertainment,Media,Technology",,,
adolescent.how,available,86,3%,10,"Education,Entertainment,Healthcare",,,
xix.how,available,86,11%,3,Mathematics,,,
attendant.how,available,86,5%,9,"Healthcare,Hospitality,Transportation",,,
xiv.how,available,86,12%,3,Mathematics,,,
extempore.how,available,86,3%,9,Entertainment,,,
intent.how,available,86,25%,6,"Business,Education,Technology",,,
aboriginal.how,available,86,10%,10,Humanities,,,
star.how,available,86,40%,4,"Entertainment,Media,Sports",,,
cipher.how,available,86,29%,6,Mathematics,,,
recondite.how,available,86,4%,9,"Arts,Humanities,Science",,,
acting.how,available,84,12%,6,Entertainment,,,
nineteen.how,available,84,8%,8,Mathematics,,,
grand.how,available,84,25%,5,"Finance,General",,,
thousand.how,available,84,8%,8,Mathematics,,,
fourteen.how,available,84,8%,8,Mathematics,,,
twentytwo.how,available,84,11%,10,Mathematics,,,
adjustable.how,available,84,3%,10,"Manufacturing,Retail,Technology",,,
twentyone.how,available,84,13%,10,Mathematics,,,
sharp.how,available,84,34%,5,"Arts,Fashion",,,
deviate.how,available,84,12%,7,"Medicine,Science",,,
thirteen.how,available,84,10%,8,Mathematics,,,
seventeen.how,available,84,7%,9,Mathematics,,,
accessory.how,available,84,8%,9,"Fashion,Retail,Technology",,,
abroach.how,available,82,1%,7,Food and Beverage,,,
abkhaz.how,available,82,1%,6,Geography,,,
abenaki.how,available,82,2%,7,Geography,,,
absorbent.how,available,82,3%,9,"Healthcare,Manufacturing,Retail",,,
cleansing.how,available,82,3%,9,Health and Fitness,,,
enduring.how,available,82,9%,8,"Health and Fitness,Religion",,,
decade.how,available,82,10%,6,Mathematics,,,
abdominal.how,available,82,1%,9,"Health and Fitness,Medicine",,,
fivesome.how,available,82,1%,8,Sports,,,
good.how,available,82,47%,4,"Food and Beverage,General,Health and Fitness,Retail",,,
altered.how,available,82,9%,7,"Medicine,Science",,,
dozen.how,available,82,10%,5,Mathematics,,,
absurd.how,available,80,16%,6,"Arts,Entertainment,Media",,,
trio.how,available,80,21%,4,Entertainment,,,
sequent.how,available,80,7%,7,"Healthcare,Insurance,Transportation",,,
abundant.how,available,80,19%,8,"Agriculture,Manufacturing,Retail",,,
forty.how,available,80,9%,5,Mathematics,,,
twenty.how,available,80,12%,6,Mathematics,,,
wiz.how,available,80,30%,3,"Business,Education,Technology",,,
some.how,available,80,32%,4,"Business,Media,Retail",,,
yard.how,available,80,26%,4,"Construction,General",,,
dorsal.how,available,80,6%,6,"Medicine,Science",,,
able.how,available,80,29%,4,"Business,Education,General,Technology",,,
absorbable.how,available,80,0%,10,"Healthcare,Pharmaceuticals,Science",,,
nine.how,available,80,24%,4,"General,Mathematics",,,
adoptable.how,available,80,3%,9,"Education,Healthcare",,,
superstar.how,available,80,18%,9,Entertainment,,,
capable.how,available,80,12%,7,"Business,Education,Technology",,,
seventh.how,available,80,10%,7,Mathematics,,,
absolute.how,available,80,25%,8,"Engineering,Mathematics,Science",,,
first.how,available,80,36%,5,"General,Mathematics",,,
two.how,available,80,24%,3,Mathematics,,,
worshipful.how,available,80,1%,10,"Education,Healthcare,Religion",,,
sixtynine.how,available,78,8%,10,Mathematics,,,
acceptable.how,available,78,5%,10,"Business,Hospitality,Retail",,,
acceptant.how,available,78,1%,9,"Education,Healthcare",,,
athletic.how,available,78,15%,8,"Health and Fitness,Sports",,,
accessible.how,available,78,21%,10,"Healthcare,Retail,Technology",,,
accidental.how,available,78,11%,10,"Healthcare,Insurance,Transportation",,,
adjacent.how,available,78,9%,8,"Construction,Real Estate,Retail",,,
abounding.how,available,78,2%,9,Agriculture,,,
abkhazian.how,available,78,1%,9,Geography,,,
accurate.how,available,78,16%,8,"Engineering,Mathematics,Science",,,
recognized.how,available,78,3%,10,"Business,Education,Technology",,,
recognised.how,available,78,3%,10,"Business,Education,Technology",,,
adrenal.how,available,78,4%,7,"Education,Healthcare,Science",,,
dormant.how,available,78,4%,7,"Medicine,Science",,,
accepted.how,available,78,6%,8,"Business,Education,Technology",,,
absorptive.how,available,78,1%,10,"Healthcare,Manufacturing,Retail",,,
twentysix.how,available,78,8%,10,Mathematics,,,
adorable.how,available,78,8%,8,"Entertainment,Fashion,Retail",,,
abkhasian.how,available,78,1%,9,Geography,,,
auxiliary.how,available,76,7%,9,"Healthcare,Manufacturing,Technology",,,
adaptive.how,available,76,28%,8,"Business,Education,Technology",,,
energizing.how,available,76,3%,10,"Food and Beverage,Health and Fitness,Travel",,,
obscene.how,available,76,5%,7,"Entertainment,Media",,,
eighteen.how,available,76,7%,8,Mathematics,,,
addable.how,available,76,2%,7,"Engineering,Mathematics,Science",,,
adherent.how,available,76,4%,8,"Politics,Religion",,,
resultant.how,available,76,2%,9,"Healthcare,Insurance,Transportation",,,
ancillary.how,available,76,6%,9,"Healthcare,Manufacturing,Technology",,,
adhesive.how,available,76,7%,8,"Construction,Manufacturing,Technology",,,
adaptable.how,available,76,9%,9,"Business,Education,Technology",,,
abrasive.how,available,76,6%,8,"Construction,Manufacturing",,,
ague.how,available,76,2%,4,"Geography,Medicine,Science",,,
adipose.how,available,76,2%,7,"Healthcare,Science",,,
firstrate.how,available,76,6%,10,Business,,,
diamond.how,available,76,32%,7,Fashion,,,
acoustic.how,available,76,14%,8,Science,,,
nineteenth.how,available,76,3%,10,Mathematics,,,
improvise.how,available,76,4%,9,Entertainment,,,
thirteenth.how,available,76,4%,10,Mathematics,,,
fifteenth.how,available,76,2%,9,Mathematics,,,
thousandth.how,available,76,1%,10,Mathematics,,,
ventral.how,available,76,3%,7,Science,,,
hundredth.how,available,76,1%,9,Mathematics,,,
fourteenth.how,available,76,1%,10,Mathematics,,,
threed.how,available,76,7%,7,Technology,,,
incidental.how,available,76,4%,10,"Healthcare,Insurance,Transportation",,,
skilful.how,available,74,3%,7,"Education,Health and Fitness,Sports",,,
adenoid.how,available,74,1%,7,"Health and Fitness,Medicine,Science",,,
accepting.how,available,74,3%,9,"Education,Healthcare",,,
admirable.how,available,74,5%,9,"Business,Education,Healthcare",,,
sensation.how,available,74,7%,9,"Entertainment,Media,Sports",,,
abnormal.how,available,74,16%,8,"Medicine,Science",,,
activated.how,available,74,9%,9,"Healthcare,Manufacturing,Technology",,,
mavin.how,available,74,7%,5,"Entertainment,Fashion,Technology",,,
realizable.how,available,74,1%,10,"Business,Education,Technology",,,
single.how,available,74,19%,6,Sports,,,
achievable.how,available,74,4%,10,"Business,Education,Technology",,,
adamant.how,available,74,14%,7,Religion,,,
supra.how,available,74,25%,5,"Medicine,Science",,,
aberrant.how,available,74,6%,8,"Medicine,Science",,,
adapted.how,available,74,6%,7,"Healthcare,Manufacturing,Technology",,,
manageable.how,available,74,4%,10,"Business,Education,Technology",,,
broad.how,available,74,13%,5,"Entertainment,General,Media",,,
adrenergic.how,available,74,1%,10,"Education,Healthcare,Science",,,
acuate.how,available,74,2%,6,"Engineering,Medicine,Science",,,
playing.how,available,74,12%,7,Entertainment,,,
cleared.how,available,74,7%,7,"Healthcare,Law,Transportation",,,
existent.how,available,72,3%,8,"Mathematics,Science",,,
abreast.how,available,72,2%,7,"Business,Technology",,,
trey.how,available,72,14%,4,Sports,,,
aching.how,available,72,4%,6,Healthcare,,,
ablaze.how,available,72,6%,6,Entertainment,,,
ternary.how,available,72,7%,7,Mathematics,,,
adjunctive.how,available,72,1%,10,"Healthcare,Manufacturing,Technology",,,
seventieth.how,available,72,1%,10,Mathematics,,,
engrossed.how,available,72,1%,9,"Entertainment,Media,Technology",,,
abloom.how,available,72,5%,6,Agriculture,,,
improvize.how,available,72,1%,9,Entertainment,,,
adonic.how,available,72,2%,6,"Arts,Education,Entertainment",,,
sixtieth.how,available,72,1%,8,Mathematics,,,
absolutist.how,available,72,1%,10,"Humanities,Law,Politics",,,
adiabatic.how,available,72,3%,9,"Engineering,Science",,,
lovely.how,available,72,26%,6,"Entertainment,Fashion,Retail",,,
champion.how,available,72,28%,8,"Entertainment,Health and Fitness,Sports",,,
adaptative.how,available,72,1%,10,"Business,Education,Technology",,,
ninetieth.how,available,72,1%,9,Mathematics,,,
adjectival.how,available,72,1%,10,Education,,,
accustomed.how,available,72,1%,10,"Business,Education,Humanities",,,
absorbed.how,available,72,2%,8,"Entertainment,Media,Technology",,,
accusative.how,available,72,0%,10,"Humanities,Law",,,
addicted.how,available,72,9%,8,Healthcare,,,
eightieth.how,available,72,1%,9,Mathematics,,,
tiptop.how,available,70,24%,6,Fashion,,,
recumbent.how,available,70,2%,9,"Healthcare,Medicine,Science",,,
miserable.how,available,70,4%,9,Humanities,,,
acuminate.how,available,70,1%,9,"Engineering,Medicine,Science",,,
skillful.how,available,70,9%,8,"Education,Health and Fitness,Sports",,,
accumbent.how,available,70,1%,9,"Healthcare,Medicine,Science",,,
admired.how,available,70,5%,7,"Business,Education,Healthcare",,,
practiced.how,available,70,3%,9,"Education,Health and Fitness,Sports",,,
consequent.how,available,70,3%,10,"Business,Education,General,Technology",,,
stillborn.how,available,70,2%,9,"Medicine,Science",,,
adamantine.how,available,70,4%,10,Religion,,,
gymnastic.how,available,70,3%,9,"Entertainment,Sports",,,
abradant.how,available,70,1%,8,"Construction,Manufacturing",,,
offhand.how,available,70,2%,7,Entertainment,,,
unity.how,available,70,40%,5,Mathematics,,,
lowdown.how,available,70,6%,8,"Entertainment,Media",,,
absorbing.how,available,70,3%,9,"Entertainment,Media,Technology",,,
adored.how,available,70,6%,6,"Entertainment,Fashion,Retail",,,
adjusted.how,available,70,5%,8,"Manufacturing,Retail,Technology",,,
abulic.how,available,70,1%,6,Medicine,,,
vindicated.how,available,68,2%,10,"Humanities,Law,Politics",,,
acerate.how,available,68,1%,7,Science,,,
achaian.how,available,68,2%,7,Humanities,,,
septenary.how,available,68,1%,9,Mathematics,,,
overseas.how,available,68,12%,8,"Hospitality,Travel",,,
abkhas.how,available,68,0%,6,Geography,,,
foursome.how,available,68,4%,8,Sports,,,
decorated.how,available,68,3%,9,"Entertainment,Fashion,Retail",,,
licensed.how,available,68,5%,8,"Business,Healthcare,Insurance",,,
licenced.how,available,68,2%,8,"Business,Healthcare,Insurance",,,
accredited.how,available,68,9%,10,"Business,Education,Healthcare",,,
aberdonian.how,available,68,1%,10,Geography,,,
aculeate.how,available,68,1%,8,"Engineering,Medicine,Science",,,
scurvy.how,available,68,3%,6,Humanities,,,
aroused.how,available,68,3%,7,"Entertainment,Health and Fitness",,,
threesome.how,available,68,5%,9,Entertainment,,,
abducent.how,available,68,0%,8,Medicine,,,
achaean.how,available,68,2%,7,Humanities,,,
activating.how,available,68,3%,10,"Healthcare,Manufacturing,Technology",,,
ennead.how,available,68,5%,6,Mathematics,,,
fiftieth.how,available,68,0%,8,Mathematics,,,
ane.how,available,68,12%,3,Mathematics,,,
stygian.how,available,68,5%,7,Humanities,,,
abnaki.how,available,68,1%,6,Geography,,,
sevener.how,available,68,1%,7,Mathematics,,,
ablative.how,available,68,3%,8,Science,,,
thirtieth.how,available,68,1%,9,Mathematics,,,
fortieth.how,available,68,0%,8,Mathematics,,,
octonary.how,available,68,1%,8,Mathematics,,,
ninety.how,available,66,11%,6,Mathematics,,,
buzzing.how,available,66,7%,7,"Entertainment,Media,Technology",,,
modish.how,available,66,5%,6,Fashion,,,
five.how,available,66,26%,4,Mathematics,,,
exonerated.how,available,66,2%,10,"Humanities,Law,Politics",,,
sextet.how,available,66,1%,6,Entertainment,,,
xxii.how,available,66,6%,4,Mathematics,,,
accessary.how,available,66,1%,9,"Business,Law,Technology",,,
deuce.how,available,66,9%,5,Sports,,,
xvii.how,available,66,5%,4,Mathematics,,,
performing.how,available,66,6%,10,Entertainment,,,
acrobatic.how,available,66,4%,9,"Entertainment,Sports",,,
clv.how,available,66,10%,3,Mathematics,,,
six.how,available,66,26%,3,Mathematics,,,
tenner.how,available,66,5%,6,Finance,,,
xvi.how,available,66,5%,3,Mathematics,,,
latest.how,available,66,18%,6,Technology,,,
xviii.how,available,66,5%,5,Mathematics,,,
maven.how,available,66,30%,5,"Entertainment,Fashion,Technology",,,
thirty.how,available,66,8%,6,Mathematics,,,
adopted.how,available,66,4%,7,"Education,Healthcare",,,
onec.how,available,66,6%,5,Mathematics,,,
xxv.how,available,66,6%,3,Mathematics,,,
teenager.how,available,66,4%,8,"Education,Entertainment,Healthcare",,,
eighty.how,available,66,6%,6,Mathematics,,,
according.how,available,66,3%,9,"Business,Education,Technology",,,
xiii.how,available,66,9%,4,Mathematics,,,
xxi.how,available,66,10%,3,Mathematics,,,
xii.how,available,66,10%,3,Mathematics,,,
acappella.how,available,66,6%,10,Entertainment,,,
acervate.how,available,66,1%,8,Science,,,
xxvi.how,available,66,3%,4,Mathematics,,,
four.how,available,66,27%,4,Mathematics,,,
fifty.how,available,66,12%,5,Mathematics,,,
abstinent.how,available,66,1%,9,"Health and Fitness,Religion",,,
adorned.how,available,66,5%,7,"Entertainment,Fashion,Retail",,,
century.how,available,66,17%,7,Education,,,
adagio.how,available,64,14%,6,Entertainment,,,
acentric.how,available,64,2%,8,Science,,,
absolved.how,available,64,1%,8,"Humanities,Law,Religion",,,
ccc.how,available,64,38%,3,Mathematics,,,
nondrinker.how,available,64,1%,10,"Health and Fitness,Religion",,,
rising.how,available,64,18%,6,"Construction,Manufacturing,Real Estate",,,
aflame.how,available,64,3%,6,Entertainment,,,
astringent.how,available,64,1%,10,"Healthcare,Pharmaceuticals",,,
deviant.how,available,64,12%,7,"Medicine,Science",,,
scatty.how,available,64,1%,6,"Arts,Entertainment,Media",,,
accordant.how,available,64,3%,9,"Arts,Entertainment",,,
roughly.how,available,62,3%,7,"Business,Media,Technology",,,
adjuvant.how,available,62,5%,8,"Healthcare,Manufacturing,Technology",,,
admissible.how,available,62,1%,10,"Education,Healthcare,Law",,,
wrapped.how,available,62,13%,7,"Fashion,Hospitality,Retail",,,
longdozen.how,available,62,2%,10,Mathematics,,,
quartet.how,available,62,7%,7,"Arts,Entertainment",,,
ensuant.how,available,62,1%,7,"Healthcare,Insurance,Transportation",,,
pungent.how,available,62,1%,7,Food and Beverage,,,
acidic.how,available,62,5%,6,"Food and Beverage,Science",,,
chiliad.how,available,62,2%,7,Mathematics,,,
adoptive.how,available,62,1%,8,"Education,Healthcare",,,
fortyfour.how,available,62,6%,10,Mathematics,,,
nail.how,available,62,16%,4,"Construction,Fashion,General,Retail",,,
exculpated.how,available,62,1%,10,"Humanities,Law,Politics",,,
twodozen.how,available,62,1%,9,Mathematics,,,
playacting.how,available,62,1%,10,Entertainment,,,
eleventh.how,available,62,5%,8,Mathematics,,,
orso.how,available,62,9%,5,"Business,Media,Technology",,,
accusing.how,available,62,1%,8,Law,,,
abo.how,available,62,15%,3,Science,,,
activistic.how,available,62,1%,10,"Humanities,Politics",,,
accrued.how,available,62,2%,7,"Banking,Finance,Insurance",,,
aborigine.how,available,62,1%,9,Humanities,,,
cumulative.how,available,62,2%,10,"Banking,Finance,Insurance",,,
sixteenth.how,available,62,1%,9,Mathematics,,,
aufait.how,available,62,3%,7,"Fashion,Media",,,
eighteenth.how,available,62,1%,10,Mathematics,,,
troika.how,available,62,8%,6,Politics,,,
activation.how,available,62,16%,10,"Healthcare,Manufacturing,Technology",,,
cautionary.how,available,60,1%,10,"Business,Education,Healthcare",,,
adnexal.how,available,60,1%,7,"Agriculture,Manufacturing,Retail",,,
cxx.how,available,60,10%,3,Mathematics,,,
cxl.how,available,60,7%,3,Mathematics,,,
thou.how,available,60,7%,4,Mathematics,,,
idolized.how,available,60,3%,8,"Entertainment,Fashion,Retail",,,
abstainer.how,available,60,0%,9,"Health and Fitness,Religion",,,
adnate.how,available,60,1%,6,"Agriculture,Manufacturing,Retail",,,
abstemious.how,available,60,0%,10,"Food and Beverage,Health and Fitness,Hospitality",,,
octet.how,available,60,12%,5,Arts,,,
clxv.how,available,60,1%,4,Mathematics,,,
acceptive.how,available,60,1%,9,"Education,Healthcare",,,
idolised.how,available,60,1%,8,"Entertainment,Fashion,Retail",,,
sixty.how,available,60,13%,5,Mathematics,,,
cxxx.how,available,60,4%,4,Mathematics,,,
annexal.how,available,60,1%,7,"Agriculture,Manufacturing,Retail",,,
xcl.how,available,60,5%,3,Mathematics,,,
cxxv.how,available,60,1%,4,Mathematics,,,
cxlv.how,available,60,2%,4,Mathematics,,,
clxx.how,available,60,3%,4,Mathematics,,,
clx.how,available,60,10%,3,Mathematics,,,
eightysix.how,available,60,7%,10,Mathematics,,,
aboveboard.how,available,60,5%,10,"Business,Law",,,
tertiary.how,available,60,4%,8,Education,,,
cxxxv.how,available,60,2%,5,Mathematics,,,
abashed.how,available,60,1%,7,Humanities,,,
cxv.how,available,60,4%,3,Mathematics,,,
clxxx.how,available,60,1%,5,Mathematics,,,
clxxv.how,available,60,1%,5,Mathematics,,,
paunchy.how,available,60,0%,7,"Health and Fitness,Medicine",,,
tercet.how,available,59,2%,6,"Arts,Entertainment,Media",,,
seventy.how,available,58,7%,7,Mathematics,,,
addressed.how,available,58,3%,9,"Business,Technology,Telecommunications",,,
adient.how,available,58,4%,6,"Medicine,Science",,,
justabout.how,available,58,3%,10,"Business,Media,Technology",,,
enwrapped.how,available,58,0%,9,"Entertainment,Fashion,Media",,,
octad.how,available,58,5%,5,Mathematics,,,
fourth.how,available,58,13%,6,Mathematics,,,
addible.how,available,58,2%,7,"Engineering,Mathematics,Science",,,
tetrad.how,available,58,5%,6,Mathematics,,,
acetic.how,available,58,1%,6,"Food and Beverage,Science",,,
ache.how,available,58,7%,4,Healthcare,,,
pentad.how,available,58,2%,6,Mathematics,,,
alacarte.how,available,58,11%,10,Food and Beverage,,,
acyclic.how,available,58,4%,7,"Engineering,Mathematics,Science",,,
accoutred.how,available,58,1%,9,"Fashion,Manufacturing,Retail",,,
abridged.how,available,58,4%,8,Media,,,
abuzz.how,available,58,5%,5,"Entertainment,Media,Technology",,,
actuarial.how,available,58,8%,9,"Finance,Insurance,Mathematics",,,
eighter.how,available,58,2%,7,Mathematics,,,
hexad.how,available,58,4%,5,Mathematics,,,
adhoc.how,available,58,24%,6,"Business,Engineering,Technology",,,
adjustive.how,available,58,1%,9,"Manufacturing,Retail,Technology",,,
sixtyone.how,available,58,3%,9,Mathematics,,,
sextuplet.how,available,58,1%,9,Healthcare,,,
offhanded.how,available,58,1%,9,Entertainment,,,
fifth.how,available,58,12%,5,Mathematics,,,
linear.how,available,58,22%,6,"Engineering,Mathematics,Science",,,
accretive.how,available,58,6%,9,"Banking,Finance,Insurance",,,
twelfth.how,available,58,2%,7,Mathematics,,,
closeto.how,available,58,3%,8,"Business,Media,Technology",,,
sixer.how,available,58,5%,5,Sports,,,
lxxviii.how,available,58,1%,7,Mathematics,,,
quintet.how,available,58,8%,7,"Arts,Entertainment",,,
accented.how,available,58,3%,8,"Arts,Entertainment",,,
fourscore.how,available,58,4%,9,Mathematics,,,
abused.how,available,58,5%,6,"Healthcare,Law",,,
niner.how,available,58,5%,5,Mathematics,,,
heptad.how,available,58,1%,6,Mathematics,,,
cypher.how,available,58,29%,6,Mathematics,,,
abandoned.how,available,58,10%,9,"Construction,Real Estate",,,
aucourant.how,available,58,3%,10,"Fashion,Media",,,
centesimal.how,available,58,1%,10,Mathematics,,,
seven.how,available,58,36%,5,Mathematics,,,
lxxx.how,available,58,2%,4,Mathematics,,,
halfdozen.how,available,56,1%,10,Mathematics,,,
maledict.how,available,56,1%,8,Religion,,,
accoutered.how,available,56,0%,10,"Fashion,Manufacturing,Retail",,,
thirtytwo.how,available,56,5%,10,Mathematics,,,
potbellied.how,available,56,0%,10,"Health and Fitness,Medicine",,,
xxxv.how,available,56,4%,4,Mathematics,,,
triad.how,available,56,15%,5,Arts,,,
xlviii.how,available,56,1%,6,Mathematics,,,
fiftynine.how,available,56,4%,10,Mathematics,,,
ilx.how,available,56,5%,3,Mathematics,,,
xxxi.how,available,56,9%,4,Mathematics,,,
xxvii.how,available,56,3%,5,Mathematics,,,
xxxvi.how,available,56,1%,5,Mathematics,,,
lviii.how,available,56,1%,5,Mathematics,,,
fiftyfour.how,available,56,3%,10,Mathematics,,,
fiftyfive.how,available,56,7%,10,Mathematics,,,
xlvii.how,available,56,2%,5,Mathematics,,,
xlii.how,available,56,5%,4,Mathematics,,,
thirtysix.how,available,56,5%,10,Mathematics,,,
fiftytwo.how,available,56,6%,9,Mathematics,,,
xxviii.how,available,56,1%,6,Mathematics,,,
admittable.how,available,56,1%,10,"Education,Healthcare,Hospitality",,,
abdominous.how,available,56,0%,10,"Health and Fitness,Medicine",,,
xxix.how,available,56,4%,4,Mathematics,,,
xxxii.how,available,56,1%,5,Mathematics,,,
addled.how,available,56,2%,6,Entertainment,,,
xxiv.how,available,56,5%,4,Mathematics,,,
fortytwo.how,available,56,17%,9,Mathematics,,,
xxxiii.how,available,56,2%,6,Mathematics,,,
xlvi.how,available,56,3%,4,Mathematics,,,
fiftyone.how,available,56,7%,9,Mathematics,,,
fortynine.how,available,56,3%,10,Mathematics,,,
xliii.how,available,56,1%,5,Mathematics,,,
liii.how,available,56,4%,4,Mathematics,,,
admittible.how,available,56,1%,10,"Education,Healthcare,Hospitality",,,
thirtyone.how,available,56,5%,10,Mathematics,,,
xli.how,available,56,5%,3,Mathematics,,,
lvii.how,available,56,1%,4,Mathematics,,,
xxiii.how,available,56,5%,5,Mathematics,,,
fiftysix.how,available,56,4%,9,Mathematics,,,
terzetto.how,available,56,3%,8,Arts,,,
lii.how,available,56,7%,3,Mathematics,,,
fortysix.how,available,56,3%,9,Mathematics,,,
xxxiv.how,available,56,1%,5,Mathematics,,,
lvi.how,available,56,8%,3,Mathematics,,,
abeyant.how,available,56,1%,7,"Business,Law",,,
xxxviii.how,available,56,1%,7,Mathematics,,,
xxxvii.how,available,56,2%,6,Mathematics,,,
xliv.how,available,56,2%,4,Mathematics,,,
aone.how,available,56,15%,5,Food and Beverage,,,
fortyone.how,available,56,4%,9,Mathematics,,,
admissive.how,available,56,1%,9,"Education,Healthcare,Hospitality",,,
xlv.how,available,56,6%,3,Mathematics,,,
appressed.how,available,56,0%,9,"Agriculture,Manufacturing,Retail",,,
achy.how,available,54,3%,4,Healthcare,,,
admonitory.how,available,54,0%,10,"Business,Education,Healthcare",,,
quadruplet.how,available,54,1%,10,"Healthcare,Medicine,Science",,,
abhorrent.how,available,54,1%,9,Humanities,,,
adducent.how,available,54,1%,8,"Engineering,Mathematics,Science",,,
twoscore.how,available,54,2%,8,Mathematics,,,
iii.how,available,54,24%,3,Mathematics,,,
abatic.how,available,54,1%,6,Science,,,
achromatic.how,available,54,4%,10,Science,,,
quintuplet.how,available,54,1%,10,"Healthcare,Medicine,Science",,,
accursed.how,available,54,3%,8,"Entertainment,Media,Religion",,,
fin.how,available,54,30%,3,Finance,,,
deserted.how,available,54,3%,8,"Hospitality,Real Estate",,,
threescore.how,available,54,1%,10,Mathematics,,,
actuated.how,available,54,2%,8,"Automotive,Manufacturing,Technology",,,
monitory.how,available,54,3%,8,"Business,Education,Healthcare",,,
abient.how,available,54,1%,6,Science,,,
acoustical.how,available,54,4%,10,Science,,,
adductive.how,available,54,0%,9,"Engineering,Mathematics,Science",,,
abatable.how,available,54,1%,8,Law,,,
abaxial.how,available,54,1%,7,Science,,,
abasic.how,available,54,1%,6,Science,,,
aboral.how,available,54,2%,6,Science,,,
ternion.how,available,54,3%,7,Mathematics,,,
adaxial.how,available,54,2%,7,Science,,,
accentual.how,available,54,3%,9,"Arts,Entertainment",,,
scratchy.how,available,54,3%,8,Fashion,,,
adducting.how,available,54,1%,9,"Engineering,Mathematics,Science",,,
fortyfive.how,available,54,4%,10,Mathematics,,,
viii.how,available,54,6%,4,Mathematics,,,
vii.how,available,54,13%,3,Mathematics,,,
topnotch.how,available,54,18%,8,Business,,,
unnatural.how,available,54,4%,9,"Medicine,Science",,,
sise.how,available,54,5%,4,Mathematics,,,
deuceace.how,available,54,2%,9,Sports,,,
abducens.how,available,54,1%,8,Medicine,,,
quatern.how,available,54,2%,7,Mathematics,,,
adpressed.how,available,54,0%,9,"Agriculture,Manufacturing,Retail",,,
adjuratory.how,available,54,0%,10,"Law,Politics,Religion",,,
quaternity.how,available,54,4%,10,Mathematics,,,
quaternion.how,available,54,6%,10,Mathematics,,,
sestet.how,available,53,1%,6,Arts,,,
xxx.how,available,53,30%,3,"Arts,Entertainment,Media",,,
septet.how,available,53,1%,6,General,,,
lxviii.how,available,52,1%,6,Mathematics,,,
lxxxv.how,available,52,1%,5,Mathematics,,,
xcii.how,available,52,2%,4,Mathematics,,,
eightyone.how,available,52,3%,10,Mathematics,,,
xcviii.how,available,52,1%,6,Mathematics,,,
lxvi.how,available,52,3%,4,Mathematics,,,
lxiv.how,available,52,3%,4,Mathematics,,,
xcvii.how,available,52,1%,5,Mathematics,,,
chagrined.how,available,52,1%,9,Humanities,,,
ablated.how,available,52,1%,7,Science,,,
lxi.how,available,52,5%,3,Mathematics,,,
lxvii.how,available,52,1%,5,Mathematics,,,
sixtytwo.how,available,52,3%,9,Mathematics,,,
detestable.how,available,52,1%,10,Humanities,,,
abominable.how,available,52,2%,10,"Entertainment,Humanities",,,
abstruse.how,available,52,5%,8,"Humanities,Mathematics,Science",,,
lxv.how,available,52,5%,3,Mathematics,,,
lxxiv.how,available,52,1%,5,Mathematics,,,
adenoidal.how,available,52,1%,9,"Health and Fitness,Medicine,Science",,,
tierce.how,available,52,3%,6,General,,,
decumbent.how,available,52,1%,9,"Healthcare,Medicine,Science",,,
xcv.how,available,52,7%,3,Mathematics,,,
sixtyfive.how,available,52,3%,10,Mathematics,,,
lxxxiv.how,available,52,1%,6,Mathematics,,,
abysmal.how,available,52,4%,7,"Arts,Entertainment,Media",,,
lxxiii.how,available,52,1%,6,Mathematics,,,
repulsive.how,available,52,1%,9,Humanities,,,
lxxxvii.how,available,52,1%,7,Mathematics,,,
sixtysix.how,available,52,4%,9,Mathematics,,,
ninetytwo.how,available,52,4%,10,Mathematics,,,
sixtyfour.how,available,52,3%,10,Mathematics,,,
lxxvi.how,available,52,1%,5,Mathematics,,,
xcvi.how,available,52,2%,4,Mathematics,,,
lxxi.how,available,52,1%,4,Mathematics,,,
odious.how,available,52,2%,6,"Entertainment,Humanities",,,
lxxvii.how,available,52,2%,6,Mathematics,,,
eightytwo.how,available,52,4%,10,Mathematics,,,
abusive.how,available,52,3%,7,"Healthcare,Law",,,
lxii.how,available,52,1%,4,Mathematics,,,
lxxii.how,available,52,1%,5,Mathematics,,,
xciii.how,available,52,1%,5,Mathematics,,,
ninetyone.how,available,52,5%,10,Mathematics,,,
ixl.how,available,52,9%,3,Mathematics,,,
lxxxi.how,available,52,1%,5,Mathematics,,,
lxxv.how,available,52,1%,4,Mathematics,,,
ninetysix.how,available,52,4%,10,Mathematics,,,
lxxxvi.how,available,52,1%,6,Mathematics,,,
lxxxiii.how,available,52,1%,7,Mathematics,,,
aboulic.how,available,52,1%,7,Medicine,,,
uphill.how,available,52,7%,6,"Sports,Transportation,Travel",,,
lxiii.how,available,52,2%,5,Mathematics,,,
littlejoe.how,available,52,2%,10,"Entertainment,Media",,,
lxxxii.how,available,52,1%,6,Mathematics,,,
repugnant.how,available,52,1%,9,Humanities,,,
xci.how,available,52,4%,3,Mathematics,,,
xciv.how,available,52,2%,4,Mathematics,,,
aculeated.how,available,50,0%,9,"Engineering,Medicine,Science",,,
abactinal.how,available,50,0%,9,Science,,,
spinous.how,available,50,1%,7,"Agriculture,Science",,,
gillless.how,available,50,0%,9,Science,,,
aborticide.how,available,50,0%,10,Medicine,,,
trine.how,available,50,11%,5,"General,Religion",,,
adactylous.how,available,50,0%,10,Science,,,
adhominem.how,available,50,2%,10,"Humanities,Law,Politics",,,
acerb.how,available,50,2%,5,Science,,,
quint.how,available,50,13%,5,"Arts,Entertainment",,,
ogdoad.how,available,50,1%,6,Mathematics,,,
acetous.how,available,50,1%,7,Science,,,
scummy.how,available,50,1%,6,Humanities,,,
acetose.how,available,50,1%,7,Science,,,
abbatial.how,available,50,0%,8,Religion,,,
acapnic.how,available,50,0%,7,"Healthcare,Medicine,Science",,,
abranchial.how,available,50,0%,10,Science,,,
lxx.how,available,50,5%,3,Mathematics,,,
triplet.how,available,50,8%,7,Science,,,
acellular.how,available,50,1%,9,Science,,,
acerose.how,available,50,1%,7,Science,,,
broached.how,available,50,0%,8,Food and Beverage,,,
acaudal.how,available,50,1%,7,"Agriculture,Science",,,
needlelike.how,available,50,0%,10,"Engineering,Medicine,Science",,,
acapnotic.how,available,50,0%,9,"Healthcare,Medicine,Science",,,
vinegary.how,available,50,1%,8,Food and Beverage,,,
abducting.how,available,50,0%,9,Medicine,,,
cinque.how,available,50,7%,6,Mathematics,,,
abdicable.how,available,50,0%,9,Law,,,
acerbic.how,available,50,2%,7,"Arts,Humanities,Media",,,
abomasal.how,available,50,0%,8,Agriculture,,,
acquitted.how,available,50,1%,9,Law,,,
apriori.how,available,48,13%,8,Mathematics,,,
lxxxviii.how,available,48,1%,8,Mathematics,,,
ilxxx.how,available,48,1%,5,Mathematics,,,
abyssal.how,available,48,12%,7,"Arts,Entertainment,Media",,,
ilxx.how,available,48,1%,4,Mathematics,,,
abstracted.how,available,48,5%,10,"Arts,Humanities,Science",,,
notguilty.how,available,48,5%,10,Law,,,
execrable.how,available,48,0%,9,"Entertainment,Humanities",,,
achromic.how,available,46,2%,8,Science,,,
acetonic.how,available,46,1%,8,Science,,,
vinegarish.how,available,46,1%,10,Food and Beverage,,,
acetabular.how,available,46,1%,10,Science,,,
acanthotic.how,available,46,0%,10,"Agriculture,Science",,,
acetylenic.how,available,46,1%,10,Science,,,
theabsurd.how,available,46,1%,10,"Arts,Entertainment,Media",,,
stemless.how,available,46,2%,8,"Agriculture,Science",,,
acaudate.how,available,46,1%,8,"Agriculture,Science",,,
acapnial.how,available,46,0%,8,"Healthcare,Medicine,Science",,,
acephalous.how,available,46,1%,10,Science,,,
achromous.how,available,46,1%,9,Science,,,
acetylic.how,available,46,1%,8,Science,,,
acanthous.how,available,46,0%,9,"Agriculture,Science",,,
acheronian.how,available,46,1%,10,Humanities,,,
quaternary.how,available,46,3%,10,Mathematics,,,
acarpelous.how,available,46,0%,10,"Agriculture,Science",,,
acanthoid.how,available,46,1%,9,"Agriculture,Science",,,
cotyloid.how,available,46,1%,8,Science,,,
achenial.how,available,46,1%,8,Science,,,
acarpous.how,available,46,0%,8,"Agriculture,Science",,,
acicular.how,available,46,2%,8,Science,,,
stripling.how,available,46,2%,9,"Education,Entertainment,Healthcare",,,
cotyloidal.how,available,44,1%,10,Science,,,
accusatory.how,available,44,1%,10,Law,,,
acherontic.how,available,44,1%,10,Humanities,,,
phoebe.how,available,41,14%,6,Science,,,
abscessed.how,available,41,0%,9,Healthcare,,,
accusive.how,available,40,1%,8,Law,,,
scurrilous.how,available,40,1%,10,"Entertainment,Media,Politics",,,
accurst.how,available,40,1%,7,Religion,,,